case_id,n,truth_position,largest_diff,bm25:message,bm25:functions,bm25:paths,bm25:diff,bm25:meta,bm25:all
asv-runner:pandas-asv-16__n20_k13,20,13,8,9,8,10,15,13,16
asv-runner:pandas-asv-21__n20_k14,20,14,2,13,5,4,1,6,2
asv-runner:pandas-asv-23__n20_k02,20,2,5,3,11,10,11,9,11
asv-runner:pandas-asv-25__n20_k09,20,9,13,17,14,14,4,17,8
asv-runner:pandas-asv-42__n20_k17,20,17,1,1,1,1,3,1,1
asv-runner:pandas-asv-46__n20_k16,20,16,5,2,1,1,2,1,1
asv-runner:pandas-asv-47__n20_k13,20,13,3,1,1,1,1,1,1
asv-runner:pandas-asv-48__n20_k10,20,10,10,1,14,2,1,1,1
asv-runner:pandas-asv-50__n20_k16,20,16,2,9,9,6,1,6,1
asv-runner:pandas-asv-51__n20_k12,20,12,20,16,19,20,12,20,13
asv-runner:pandas-asv-52__n20_k19,20,19,1,9,6,4,3,10,3
asv-runner:pandas-asv-53__n20_k07,20,7,4,17,14,3,8,7,8
asv-runner:pandas-asv-54__n20_k17,20,17,14,8,6,9,14,10,14
asv-runner:pandas-asv-55__n20_k05,20,5,6,3,5,17,1,5,1
asv-runner:pandas-asv-59__n20_k10,20,10,12,5,16,16,10,12,11
asv-runner:pandas-asv-60__n20_k05,20,5,10,1,3,2,1,2,1
asv-runner:pandas-asv-61__n20_k04,20,4,8,1,1,2,3,1,2
asv-runner:pandas-asv-62__n20_k20,20,20,1,11,2,1,12,2,2
asv-runner:pandas-asv-63__n20_k09,20,9,3,2,1,1,1,1,1
asv-runner:pandas-asv-64__n20_k18,20,18,2,10,2,2,3,2,2
asv-runner:pandas-asv-65__n20_k20,20,20,2,5,3,7,3,4,4
asv-runner:pandas-asv-66__n20_k05,20,5,18,18,4,4,20,4,9
asv-runner:pandas-asv-67__n20_k10,20,10,1,1,1,1,1,1,1
asv-runner:pandas-asv-68__n20_k04,20,4,9,8,18,19,9,10,9
asv-runner:pandas-asv-69__n20_k03,20,3,6,2,2,4,1,2,1
asv-runner:pandas-asv-70__n20_k11,20,11,9,1,1,1,1,1,1
asv-runner:pandas-asv-71__n20_k16,20,16,9,3,4,1,2,4,2
asv-runner:pandas-asv-72__n20_k18,20,18,11,2,3,1,3,3,3
asv-runner:pandas-asv-73__n20_k04,20,4,17,17,18,18,8,18,8
asv-runner:pandas-asv-74__n20_k12,20,12,4,2,4,1,2,3,2
asv-runner:pandas-asv-75__n20_k14,20,14,6,3,4,1,2,5,2
asv-runner:pandas-asv-76__n20_k11,20,11,1,11,1,1,2,1,1
asv-runner:pandas-asv-77__n20_k20,20,20,7,12,15,6,6,12,6
asv-runner:pandas-asv-78__n20_k07,20,7,2,1,1,1,1,1,1
asv-runner:pandas-asv-79__n20_k18,20,18,2,5,1,1,4,1,1
asv-runner:pandas-asv-80__n20_k16,20,16,3,3,1,4,1,2,1
asv-runner:pandas-asv-81__n20_k15,20,15,1,1,1,1,6,1,1
asv-runner:pandas-asv-82__n20_k17,20,17,4,6,2,2,2,2,2
asv-runner:pandas-asv-83__n20_k09,20,9,20,13,18,15,18,18,19
asv-runner:pandas-asv-84__n20_k02,20,2,8,1,1,19,1,1,2
asv-runner:pandas-asv-85__n20_k18,20,18,6,5,3,3,2,4,3
asv-runner:pandas-asv-86__n20_k01,20,1,3,20,5,20,20,5,10
asv-runner:pandas-asv-90__n20_k03,20,3,5,1,1,1,1,1,1
asv-runner:pandas-asv-93__n20_k13,20,13,5,3,10,1,1,2,1
asv-runner:pandas-asv-94__n20_k01,20,1,14,20,1,1,4,1,1
asv-runner:pandas-asv-95__n20_k20,20,20,8,1,3,1,1,1,1
asv-runner:pandas-asv-96__n20_k16,20,16,7,5,5,5,1,5,1
asv-runner:pandas-asv-97__n20_k11,20,11,7,1,1,1,1,1,1
asv-runner:pandas-asv-98__n20_k08,20,8,5,1,1,1,1,1,1
asv-runner:pandas-asv-100__n20_k11,20,11,16,6,8,2,7,6,7
asv-runner:pandas-asv-101__n20_k03,20,3,17,8,8,8,12,11,14
asv-runner:pandas-asv-103__n20_k07,20,7,11,6,2,3,12,2,6
asv-runner:pandas-asv-104__n20_k19,20,19,1,4,1,2,2,1,1
asv-runner:pandas-asv-105__n20_k08,20,8,2,4,17,2,6,2,6
asv-runner:pandas-asv-106__n20_k08,20,8,12,1,2,2,1,1,1
asv-runner:pandas-asv-107__n20_k05,20,5,8,6,1,1,1,1,1
asv-runner:pandas-asv-108__n20_k18,20,18,3,13,7,9,5,15,7
asv-runner:pandas-asv-109__n20_k15,20,15,1,9,9,1,4,4,3
asv-runner:pandas-asv-110__n20_k03,20,3,6,19,5,18,5,7,7
asv-runner:pandas-asv-111__n20_k03,20,3,3,19,19,18,12,19,12
asv-runner:pandas-asv-112__n20_k11,20,11,8,6,1,1,1,1,1
asv-runner:pandas-asv-113__n20_k17,20,17,12,2,3,1,5,2,4
asv-runner:pandas-asv-114__n20_k16,20,16,13,1,2,5,1,1,1
asv-runner:pandas-asv-115__n20_k04,20,4,5,1,1,17,1,1,1
asv-runner:pandas-asv-116__n20_k10,20,10,4,16,11,16,5,19,6
asv-runner:pandas-asv-117__n20_k18,20,18,1,9,3,3,9,4,6
asv-runner:pandas-asv-120__n20_k10,20,10,2,13,4,5,2,3,1
asv-runner:pandas-asv-121__n20_k04,20,4,3,7,1,1,1,1,1
asv-runner:pandas-asv-122__n20_k18,20,18,8,11,7,6,6,7,6
asv-runner:pandas-asv-124__n20_k11,20,11,5,2,2,2,2,2,2
asv-runner:pandas-asv-125__n20_k18,20,18,11,6,5,9,7,7,9
asv-runner:pandas-asv-126__n20_k07,20,7,8,14,15,14,9,17,10
asv-runner:pandas-asv-127__n20_k20,20,20,3,1,1,2,1,1,1
asv-runner:pandas-asv-135__n20_k18,20,18,8,4,1,1,1,1,1
asv-runner:pandas-asv-136__n20_k19,20,19,3,4,3,2,2,4,2
asv-runner:pandas-asv-137__n20_k10,20,10,4,2,1,1,1,1,1
asv-runner:pandas-asv-139__n20_k15,20,15,1,9,9,10,16,16,13
asv-runner:pandas-asv-141__n20_k03,20,3,12,4,2,18,7,3,5
asv-runner:pandas-asv-142__n20_k20,20,20,3,2,1,2,7,1,3
asv-runner:pandas-asv-143__n20_k13,20,13,9,2,2,5,3,2,4
asv-runner:pandas-asv-144__n20_k11,20,11,2,17,17,17,19,19,20
asv-runner:pandas-asv-145__n20_k19,20,19,7,3,2,1,4,3,3
asv-runner:pandas-asv-146__n20_k08,20,8,17,1,1,1,1,1,1
asv-runner:pandas-asv-147__n20_k10,20,10,1,15,13,4,17,11,17
asv-runner:pandas-asv-148__n20_k06,20,6,1,18,19,17,10,19,10
asv-runner:pandas-asv-149__n20_k07,20,7,14,1,1,2,1,1,1
asv-runner:pandas-asv-153__n20_k06,20,6,18,14,9,6,16,16,17
asv-runner:pandas-asv-154__n20_k02,20,2,2,20,19,3,3,6,3
asv-runner:pandas-asv-155__n20_k20,20,20,3,14,11,10,9,13,9
asv-runner:pandas-asv-156__n20_k09,20,9,19,19,17,16,20,20,20
asv-runner:pandas-asv-157__n20_k16,20,16,15,10,12,11,16,17,18
asv-runner:pandas-asv-158__n20_k03,20,3,6,1,1,1,1,1,1
asv-runner:pandas-asv-159__n20_k03,20,3,12,1,1,3,2,1,1
asv-runner:pandas-asv-160__n20_k05,20,5,7,17,16,17,6,17,6
asv-runner:pandas-asv-161__n20_k05,20,5,8,2,2,2,1,2,1
asv-runner:pandas-asv-162__n20_k02,20,2,1,19,13,9,10,15,11
asv-runner:pandas-asv-163__n20_k03,20,3,2,6,10,10,13,13,13
asv-runner:pandas-asv-164__n20_k18,20,18,15,8,3,8,6,5,7
asv-runner:pandas-asv-165__n20_k13,20,13,17,10,13,9,17,15,17
asv-runner:pandas-asv-166__n20_k17,20,17,6,7,2,2,3,2,2
asv-runner:pandas-asv-167__n20_k09,20,9,1,14,16,15,15,17,15
asv-runner:pandas-asv-169__n20_k17,20,17,2,1,2,4,1,1,1
