case_id,n,truth_position,largest_diff,bm25:message,bm25:functions,bm25:paths,bm25:diff,bm25:meta,bm25:all,dense:bge-small-en-v1.5,hybrid:bge-small-en-v1.5,dense:jina-embeddings-v2-base-code,hybrid:jina-embeddings-v2-base-code
swefficiency-real:dask__dask-10356__real_n20_k13,20,13,4,1,1,1,1,1,1,1,1,1,1
swefficiency-real:dask__dask-10428__real_n20_k14,20,14,11,7,2,3,2,2,2,1,1,1,1
swefficiency-real:dask__dask-10922__real_n20_k02,20,2,18,2,1,1,13,1,5,1,1,1,1
swefficiency-real:dask__dask-11625__real_n20_k09,20,9,4,9,5,11,1,7,1,1,2,1,4
swefficiency-real:dask__dask-5501__real_n20_k17,20,17,15,1,1,6,1,1,1,1,1,1,1
swefficiency-real:dask__dask-5553__real_n20_k16,20,16,11,1,1,1,1,1,1,1,1,2,1
swefficiency-real:dask__dask-5884__real_n20_k13,20,13,16,5,1,4,15,1,1,8,5,3,1
swefficiency-real:dask__dask-5890__real_n20_k10,20,10,18,1,1,1,3,1,1,1,1,1,1
swefficiency-real:dask__dask-5891__real_n20_k16,20,16,10,1,1,4,1,1,1,1,1,1,1
swefficiency-real:dask__dask-5933__real_n20_k12,20,12,15,1,1,3,5,1,2,1,1,2,1
swefficiency-real:dask__dask-5940__real_n20_k19,20,19,2,1,1,6,10,1,2,1,1,1,1
swefficiency-real:dask__dask-6186__real_n20_k07,20,7,17,1,1,1,5,1,1,1,1,1,1
swefficiency-real:dask__dask-6293__real_n20_k17,20,17,13,1,1,1,1,1,1,1,1,1,1
swefficiency-real:dask__dask-6491__real_n20_k05,20,5,8,1,1,1,1,1,1,1,1,1,1
swefficiency-real:dask__dask-6669__real_n20_k10,20,10,19,4,1,3,15,1,2,1,1,1,1
swefficiency-real:dask__dask-7023__real_n20_k05,20,5,6,1,1,6,4,1,2,1,1,1,1
swefficiency-real:dask__dask-7104__real_n20_k04,20,4,12,3,1,6,2,1,1,1,1,1,1
swefficiency-real:dask__dask-7172__real_n20_k20,20,20,14,1,1,1,1,1,1,3,1,1,1
swefficiency-real:dask__dask-7403__real_n20_k09,20,9,8,6,3,3,2,3,2,11,8,2,2
swefficiency-real:pydata__xarray-4740__real_n20_k18,20,18,9,7,4,9,1,4,1,2,3,1,2
swefficiency-real:pydata__xarray-5661__real_n20_k20,20,20,7,1,1,1,1,1,1,4,3,8,4
swefficiency-real:pydata__xarray-7374__real_n20_k05,20,5,3,16,1,1,16,2,3,5,3,2,2
swefficiency-real:pydata__xarray-7382__real_n20_k10,20,10,4,1,4,7,1,1,1,1,1,1,1
swefficiency-real:pydata__xarray-7472__real_n20_k04,20,4,14,1,4,7,4,4,4,1,1,1,2
swefficiency-real:pydata__xarray-7735__real_n20_k03,20,3,19,1,1,2,2,1,2,1,1,1,1
swefficiency-real:pydata__xarray-7796__real_n20_k11,20,11,6,1,1,1,1,1,1,1,1,1,1
swefficiency-real:pydata__xarray-7824__real_n20_k16,20,16,2,1,1,1,1,1,1,2,1,1,1
swefficiency-real:pydata__xarray-9001__real_n20_k18,20,18,18,13,3,2,5,3,2,1,1,2,2
swefficiency-real:pydata__xarray-9429__real_n20_k04,20,4,14,5,3,8,1,1,1,2,1,3,1
swefficiency-real:pydata__xarray-9808__real_n20_k12,20,12,11,4,1,8,2,1,2,1,1,1,1
swefficiency-real:sympy__sympy-10621__real_n20_k14,20,14,17,1,1,1,1,1,1,1,1,1,1
swefficiency-real:sympy__sympy-10919__real_n20_k11,20,11,1,3,1,1,1,2,1,10,5,2,2
swefficiency-real:sympy__sympy-11675__real_n20_k20,20,20,8,1,1,1,1,1,1,1,1,1,1
swefficiency-real:sympy__sympy-11676__real_n20_k07,20,7,3,1,1,1,1,1,1,1,1,1,1
swefficiency-real:sympy__sympy-12640__real_n20_k16,20,16,5,6,1,1,1,1,1,1,1,1,1
swefficiency-real:sympy__sympy-14772__real_n20_k15,20,15,19,1,1,1,12,1,2,1,1,1,1
swefficiency-real:sympy__sympy-15379__real_n20_k17,20,17,14,1,1,1,2,1,1,3,1,1,1
swefficiency-real:sympy__sympy-15453__real_n20_k09,20,9,13,1,1,1,1,1,1,1,1,1,1
swefficiency-real:sympy__sympy-15736__real_n20_k02,20,2,11,1,1,2,6,1,1,1,1,1,1
swefficiency-real:sympy__sympy-15909__real_n20_k18,20,18,15,2,1,3,1,2,1,5,3,9,5
swefficiency-real:sympy__sympy-16134__real_n20_k01,20,1,16,1,1,3,1,1,1,1,1,1,1
swefficiency-real:sympy__sympy-17916__real_n20_k03,20,3,20,1,1,1,11,1,2,1,1,1,1
swefficiency-real:sympy__sympy-18276__real_n20_k13,20,13,7,1,1,1,1,1,1,1,1,1,1
swefficiency-real:sympy__sympy-18591__real_n20_k01,20,1,6,1,1,16,1,1,1,1,1,1,1
swefficiency-real:sympy__sympy-19270__real_n20_k20,20,20,14,1,1,13,1,1,1,1,1,1,1
swefficiency-real:sympy__sympy-20228__real_n20_k16,20,16,14,10,1,1,1,1,1,1,1,1,1
swefficiency-real:sympy__sympy-20384__real_n20_k11,20,11,13,4,1,1,1,1,1,1,1,1,1
swefficiency-real:sympy__sympy-20989__real_n20_k08,20,8,15,18,1,5,4,1,1,5,2,1,1
swefficiency-real:sympy__sympy-21006__real_n20_k11,20,11,13,2,1,3,2,1,1,1,1,1,1
swefficiency-real:sympy__sympy-21169__real_n20_k03,20,3,14,1,1,1,1,1,1,1,1,1,1
swefficiency-real:sympy__sympy-21391__real_n20_k07,20,7,18,1,1,1,18,1,1,1,1,1,1
swefficiency-real:sympy__sympy-21455__real_n20_k19,20,19,6,1,1,1,5,1,2,1,1,3,1
swefficiency-real:sympy__sympy-21501__real_n20_k08,20,8,10,3,3,1,6,1,1,1,1,1,1
swefficiency-real:sympy__sympy-21543__real_n20_k08,20,8,16,1,1,1,1,1,1,1,1,1,1
swefficiency-real:sympy__sympy-21954__real_n20_k05,20,5,18,1,2,3,3,1,3,1,1,1,1
swefficiency-real:sympy__sympy-23696__real_n20_k18,20,18,7,1,4,7,1,4,1,3,3,1,2
swefficiency-real:sympy__sympy-24313__real_n20_k15,20,15,13,1,3,15,1,1,1,1,1,1,1
swefficiency-real:sympy__sympy-24485__real_n20_k03,20,3,8,1,1,1,1,1,1,1,1,1,1
swefficiency-real:sympy__sympy-24792__real_n20_k03,20,3,18,1,1,5,6,1,4,1,1,1,1
swefficiency-real:sympy__sympy-24884__real_n20_k11,20,11,20,3,1,1,3,1,1,4,1,1,1
swefficiency-real:sympy__sympy-25452__real_n20_k17,20,17,9,1,2,1,1,1,1,1,1,1,1
swefficiency-real:sympy__sympy-25591__real_n20_k16,20,16,7,1,1,1,2,1,1,3,2,1,1
swefficiency-real:sympy__sympy-25631__real_n20_k04,20,4,13,1,1,1,1,1,1,3,2,1,1
swefficiency-real:sympy__sympy-26057__real_n20_k10,20,10,11,2,1,3,2,1,1,1,1,1,1
swefficiency-real:sympy__sympy-26063__real_n20_k18,20,18,18,1,1,1,3,1,1,1,1,1,1
swefficiency-real:sympy__sympy-26367__real_n20_k10,20,10,16,1,1,3,1,1,1,2,1,1,1
swefficiency-real:sympy__sympy-26710__real_n20_k04,20,4,15,1,1,2,1,1,1,2,1,1,1
swefficiency-real:sympy__sympy-27051__real_n20_k18,20,18,6,1,1,4,1,1,1,1,1,1,1
